
DROP DATABASE IF EXISTS wrs;
CREATE DATABASE wrs
  CHARACTER SET utf8mb4
  COLLATE utf8mb4_unicode_ci;

USE wrs;

SET SQL_MODE = "NO_AUTO_VALUE_ON_ZERO";
SET time_zone = "+00:00";

--
-- Database: `wrs`
--

-- --------------------------------------------------------

--
-- Table structure for table `doctor`
--

CREATE TABLE `doctor` (
  `id` int(11) NOT NULL,
  `name` varchar(100) NOT NULL,
  `created` timestamp NOT NULL DEFAULT CURRENT_TIMESTAMP,
  `updated` timestamp NOT NULL DEFAULT CURRENT_TIMESTAMP ON UPDATE CURRENT_TIMESTAMP,
  `deleted` timestamp NULL DEFAULT NULL
) ENGINE=InnoDB;

--
-- Dumping data for table `doctor`
--

INSERT INTO `doctor` (`id`, `name`, `created`, `updated`, `deleted`) VALUES
(1, 'Dr. Don Stanway', '2024-05-12 06:20:01', '2024-05-12 06:20:01', NULL),
(2, 'Dr. Karna Wilbor', '2024-05-12 06:20:01', '2024-05-12 06:20:01', NULL),
(3, 'Dr. Friedrich McGeneay', '2024-05-12 06:20:01', '2024-05-12 06:20:01', NULL),
(4, 'Dr. Marylynne Strickett', '2024-05-12 06:20:01', '2024-05-12 06:20:01', NULL),
(5, 'Dr. Jenifer Diamond', '2024-05-12 06:20:01', '2024-05-12 06:20:01', NULL),
(6, 'Dr. Sisely Judson', '2024-05-12 06:20:01', '2024-05-12 06:20:01', NULL),
(7, 'Dr. Jdavie Tomasello', '2024-05-12 06:20:01', '2024-05-12 06:20:01', NULL),
(8, 'Dr. Lauralee Winspar', '2024-05-12 06:20:01', '2024-05-12 06:20:01', NULL),
(9, 'Dr. Benjamen Calam', '2024-05-12 06:20:01', '2024-05-12 06:20:01', NULL),
(10, 'Dr. Kippar Grellier', '2024-05-12 06:20:01', '2024-05-12 06:20:01', NULL);

-- --------------------------------------------------------

--
-- Table structure for table `medication`
--

CREATE TABLE `medication` (
  `id` int(11) NOT NULL,
  `name` varchar(100) NOT NULL,
  `dose` varchar(20) NOT NULL,
  `created` timestamp NOT NULL DEFAULT CURRENT_TIMESTAMP,
  `updated` timestamp NOT NULL DEFAULT CURRENT_TIMESTAMP ON UPDATE CURRENT_TIMESTAMP,
  `deleted` timestamp NULL DEFAULT NULL
) ENGINE=InnoDB;

--
-- Dumping data for table `medication`
--

INSERT INTO `medication` (`id`, `name`, `dose`, `created`, `updated`, `deleted`) VALUES
(1, 'Cardioforce II', '60 mg', '2024-05-12 07:08:04', '2024-05-12 07:08:04', NULL),
(2, 'Allantoin', '80 mg', '2024-05-12 07:08:04', '2024-05-12 07:08:04', NULL),
(3, 'Cefuroxime', '35 mg', '2024-05-12 07:08:04', '2024-05-12 07:08:04', NULL),
(4, 'Topiramate', '15 mg', '2024-05-12 07:08:04', '2024-05-12 07:08:04', NULL),
(5, 'Benzethonium chloride', '80 mg', '2024-05-12 07:08:04', '2024-05-12 07:08:04', NULL),
(6, 'Saltbush', '15 mg', '2024-05-12 07:08:04', '2024-05-12 07:08:04', NULL),
(7, 'Titanium Dioxide and Zinc Oxide', '10 mg', '2024-05-12 07:08:04', '2024-05-12 07:08:04', NULL),
(8, 'Alendronate Sodium', '15 mg', '2024-05-12 07:08:04', '2024-05-12 07:08:04', NULL),
(9, 'oxycodone hydrochloride', '45 mg', '2024-05-12 07:08:04', '2024-05-12 07:08:04', NULL),
(10, 'Metoclopramide', '55 mg', '2024-05-12 07:08:04', '2024-05-12 07:08:04', NULL),
(11, 'atorvastatin calcium', '60 mg', '2024-05-12 07:08:04', '2024-05-12 07:08:04', NULL),
(12, 'zinc acetate', '75 mg', '2024-05-12 07:08:04', '2024-05-12 07:08:04', NULL),
(13, 'Octinoxate', '50 mg', '2024-05-12 07:08:04', '2024-05-12 07:08:04', NULL),
(14, 'Torsemide', '55 mg', '2024-05-12 07:08:04', '2024-05-12 07:08:04', NULL),
(15, 'Prednisone', '90 mg', '2024-05-12 07:08:04', '2024-05-12 07:08:04', NULL),
(16, 'Ramipril', '80 mg', '2024-05-12 07:08:04', '2024-05-12 07:08:04', NULL),
(17, 'Lithium Carbonate', '30 mg', '2024-05-12 07:08:04', '2024-05-12 07:08:04', NULL),
(18, 'Benazepril Hydrochloride', '70 mg', '2024-05-12 07:08:04', '2024-05-12 07:08:04', NULL),
(19, 'Oxycodone and Acetaminophen', '30 mg', '2024-05-12 07:08:04', '2024-05-12 07:08:04', NULL),
(20, 'Rifampin', '50 mg', '2024-05-12 07:08:04', '2024-05-12 07:08:04', NULL),
(21, 'PREGABALIN', '50 mg', '2024-05-12 07:08:04', '2024-05-12 07:08:04', NULL),
(22, 'Lithium Carbonate', '55 mg', '2024-05-12 07:08:04', '2024-05-12 07:08:04', NULL),
(23, 'ZINC OXIDE', '55 mg', '2024-05-12 07:08:04', '2024-05-12 07:08:04', NULL),
(24, 'Nicotine Polacrilex', '55 mg', '2024-05-12 07:08:04', '2024-05-12 07:08:04', NULL),
(25, 'Naproxen', '60 mg', '2024-05-12 07:08:04', '2024-05-12 07:08:04', NULL);

-- --------------------------------------------------------

--
-- Table structure for table `patient`
--

CREATE TABLE `patient` (
  `id` int(11) NOT NULL,
  `name` varchar(100) NOT NULL,
  `created` timestamp NOT NULL DEFAULT CURRENT_TIMESTAMP,
  `updated` timestamp NOT NULL DEFAULT CURRENT_TIMESTAMP ON UPDATE CURRENT_TIMESTAMP,
  `deleted` timestamp NULL DEFAULT NULL
) ENGINE=InnoDB;

--
-- Dumping data for table `patient`
--

INSERT INTO `patient` (`id`, `name`, `created`, `updated`, `deleted`) VALUES
(1, 'Thom Durrance', '2024-05-12 06:17:47', '2024-05-12 06:17:47', NULL),
(2, 'Alene Terren', '2024-05-12 06:17:47', '2024-05-12 06:17:47', NULL),
(3, 'Lauraine Masse', '2024-05-12 06:17:47', '2024-05-12 06:17:47', NULL),
(4, 'Rosa Swafield', '2024-05-12 06:17:47', '2024-05-12 06:17:47', NULL),
(5, 'Nara Schechter', '2024-05-12 06:17:47', '2024-05-12 06:17:47', NULL),
(6, 'Mickey Phayre', '2024-05-12 06:17:47', '2024-05-12 06:17:47', NULL),
(7, 'Evangelina Bowlas', '2024-05-12 06:17:47', '2024-05-12 06:17:47', NULL),
(8, 'Audy Matteoli', '2024-05-12 06:17:47', '2024-05-12 06:17:47', NULL),
(9, 'Justine Cantua', '2024-05-12 06:17:47', '2024-05-12 06:17:47', NULL),
(10, 'Tamas Keets', '2024-05-12 06:17:47', '2024-05-12 06:17:47', NULL),
(11, 'Jean Zanussii', '2024-05-12 06:17:47', '2024-05-12 06:17:47', NULL),
(12, 'Evvy Bracknell', '2024-05-12 06:17:47', '2024-05-12 06:17:47', NULL),
(13, 'Alyosha Ruberry', '2024-05-12 06:17:47', '2024-05-12 06:17:47', NULL),
(14, 'Hailey Sprade', '2024-05-12 06:17:47', '2024-05-12 06:17:47', NULL),
(15, 'Julietta Caurah', '2024-05-12 06:17:47', '2024-05-12 06:17:47', NULL),
(16, 'Carlyn Redmore', '2024-05-12 06:17:47', '2024-05-12 06:17:47', NULL),
(17, 'Lacee McNutt', '2024-05-12 06:17:47', '2024-05-12 06:17:47', NULL),
(18, 'Lev Local', '2024-05-12 06:17:47', '2024-05-12 06:17:47', NULL),
(19, 'Kit Lennon', '2024-05-12 06:17:47', '2024-05-12 06:17:47', NULL),
(20, 'Jesus Sijmons', '2024-05-12 06:17:47', '2024-05-12 06:17:47', NULL);

-- --------------------------------------------------------

--
-- Table structure for table `patient_medication`
--

CREATE TABLE `patient_medication` (
  `id` int(11) NOT NULL,
  `patient_id` int(11) NOT NULL,
  `doctor_id` int(11) NOT NULL,
  `medication_id` int(11) NOT NULL,
  `quantity` tinyint(3) UNSIGNED NOT NULL,
  `frequency` varchar(100) NOT NULL,
  `start` date NOT NULL,
  `end` date NOT NULL,
  `created` timestamp NOT NULL DEFAULT CURRENT_TIMESTAMP,
  `updated` timestamp NOT NULL DEFAULT CURRENT_TIMESTAMP ON UPDATE CURRENT_TIMESTAMP,
  `deleted` timestamp NULL DEFAULT NULL
) ENGINE=InnoDB;

--
-- Dumping data for table `patient_medication`
--

INSERT INTO `patient_medication` (`id`, `patient_id`, `doctor_id`, `medication_id`, `quantity`, `frequency`, `start`, `end`, `created`, `updated`, `deleted`) VALUES
(1, 7, 2, 24, 5, 'PC', '2023-07-16', '2023-08-15', '2023-07-16 20:40:58', '2023-07-16 20:40:58', NULL),
(2, 11, 7, 19, 3, 'Q8H', '2023-08-01', '2023-09-17', '2023-08-01 08:38:36', '2023-08-01 08:38:36', NULL),
(3, 4, 10, 18, 7, 'Q8H', '2023-01-08', '2023-01-17', '2023-01-08 15:53:36', '2023-01-08 15:53:36', NULL),
(4, 20, 2, 7, 3, 'Q12H', '2024-02-03', '2024-04-23', '2024-02-03 05:28:25', '2024-02-03 05:28:25', NULL),
(5, 9, 3, 10, 2, 'QID', '2023-08-10', '2023-10-22', '2023-08-10 06:03:35', '2023-08-10 06:03:35', NULL),
(6, 15, 10, 12, 6, 'TIW', '2024-03-14', '2024-04-02', '2024-03-14 12:12:35', '2024-03-14 12:12:35', NULL),
(7, 9, 9, 12, 7, 'Q4H', '2023-12-07', '2024-02-10', '2023-12-07 05:24:44', '2023-12-07 05:24:44', NULL),
(8, 19, 9, 11, 3, 'QPM', '2024-04-29', '2024-07-03', '2024-04-29 03:35:50', '2024-04-29 03:35:50', NULL),
(9, 13, 7, 5, 1, 'Q12H', '2024-03-10', '2024-05-01', '2024-03-10 04:59:29', '2024-03-10 04:59:29', NULL),
(10, 18, 10, 20, 2, 'QID', '2024-04-18', '2024-07-15', '2024-04-18 03:40:40', '2024-04-18 03:40:40', NULL),
(11, 16, 6, 21, 6, 'QAM', '2023-10-07', '2023-11-01', '2023-10-07 14:31:01', '2023-10-07 14:31:01', NULL),
(12, 16, 7, 11, 1, 'QWK', '2023-07-12', '2023-09-13', '2023-07-12 15:48:25', '2023-07-12 15:48:25', NULL),
(13, 8, 7, 13, 3, 'QHS', '2023-04-19', '2023-06-08', '2023-04-19 17:29:52', '2023-04-19 17:29:52', NULL),
(14, 2, 7, 9, 4, 'Q6H', '2023-04-16', '2023-04-25', '2023-04-16 23:44:55', '2023-04-16 23:44:55', NULL),
(15, 5, 4, 3, 2, 'QID', '2023-02-21', '2023-03-10', '2023-02-21 15:36:51', '2023-02-21 15:36:51', NULL),
(16, 15, 4, 11, 6, 'TIW', '2023-04-03', '2023-06-08', '2023-04-03 00:32:25', '2023-04-03 00:32:25', NULL),
(17, 2, 7, 12, 3, 'QHS', '2023-12-29', '2024-03-07', '2023-12-29 00:39:14', '2023-12-29 00:39:14', NULL),
(18, 14, 5, 18, 7, 'QPM', '2024-02-19', '2024-04-28', '2024-02-19 09:44:17', '2024-02-19 09:44:17', NULL),
(19, 6, 1, 5, 5, 'BID', '2023-10-27', '2023-12-17', '2023-10-27 19:52:31', '2023-10-27 19:52:31', NULL),
(20, 10, 5, 2, 4, 'QW', '2024-05-04', '2024-06-29', '2024-05-04 13:38:48', '2024-05-04 13:38:48', NULL),
(21, 9, 5, 3, 7, 'QW', '2024-03-02', '2024-05-22', '2024-03-02 08:15:07', '2024-03-02 08:15:07', NULL),
(22, 16, 3, 1, 1, 'QD', '2023-11-20', '2024-01-12', '2023-11-20 14:05:15', '2023-11-20 14:05:15', NULL),
(23, 10, 6, 15, 7, 'PC', '2024-04-13', '2024-05-21', '2024-04-13 02:33:27', '2024-04-13 02:33:27', NULL),
(24, 5, 10, 18, 5, 'TID', '2023-04-14', '2023-05-02', '2023-04-14 13:12:31', '2023-04-14 13:12:31', NULL),
(25, 18, 10, 12, 1, 'Q8H', '2024-01-09', '2024-03-01', '2024-01-09 22:31:14', '2024-01-09 22:31:14', NULL),
(26, 7, 9, 2, 2, 'QID', '2023-04-27', '2023-06-25', '2023-04-27 23:23:08', '2023-04-27 23:23:08', NULL),
(27, 9, 2, 21, 1, 'QAM', '2023-09-26', '2023-12-12', '2023-09-26 06:34:06', '2023-09-26 06:34:06', NULL),
(28, 12, 2, 6, 3, 'TIW', '2023-06-08', '2023-07-28', '2023-06-08 23:39:00', '2023-06-08 23:39:00', NULL),
(29, 4, 1, 11, 7, 'BIW', '2023-07-07', '2023-10-01', '2023-07-07 17:47:53', '2023-07-07 17:47:53', NULL),
(30, 20, 3, 9, 4, 'Q6H', '2023-07-21', '2023-10-11', '2023-07-21 13:04:06', '2023-07-21 13:04:06', NULL),
(31, 11, 3, 22, 6, 'Q8H', '2023-07-06', '2023-09-13', '2023-07-06 18:38:38', '2023-07-06 18:38:38', NULL),
(32, 9, 9, 11, 6, 'BID', '2023-02-01', '2023-03-05', '2023-02-01 18:56:49', '2023-02-01 18:56:49', NULL),
(33, 7, 8, 3, 7, 'Q6H', '2023-11-17', '2024-02-12', '2023-11-17 02:29:29', '2023-11-17 02:29:29', NULL),
(34, 6, 1, 14, 6, 'QOD', '2023-10-17', '2023-12-04', '2023-10-17 21:58:09', '2023-10-17 21:58:09', NULL),
(35, 11, 3, 21, 5, 'PC', '2023-06-22', '2023-07-25', '2023-06-22 12:14:37', '2023-06-22 12:14:37', NULL),
(36, 17, 4, 23, 4, 'QWK', '2023-07-04', '2023-08-22', '2023-07-04 02:34:03', '2023-07-04 02:34:03', NULL),
(37, 7, 5, 14, 2, 'Q6H', '2024-02-16', '2024-05-08', '2024-02-16 19:10:40', '2024-02-16 19:10:40', NULL),
(38, 20, 6, 12, 4, 'TIW', '2024-03-27', '2024-04-01', '2024-03-27 16:42:05', '2024-03-27 16:42:05', NULL),
(39, 3, 7, 5, 5, 'QAM', '2023-08-19', '2023-10-05', '2023-08-19 20:36:57', '2023-08-19 20:36:57', NULL),
(40, 15, 8, 3, 5, 'AC', '2023-04-20', '2023-06-07', '2023-04-20 12:57:52', '2023-04-20 12:57:52', NULL),
(41, 20, 6, 11, 5, 'QWK', '2024-01-27', '2024-03-02', '2024-01-27 01:11:38', '2024-01-27 01:11:38', NULL),
(42, 12, 6, 20, 2, 'TIW', '2023-09-28', '2023-12-15', '2023-09-28 06:41:35', '2023-09-28 06:41:35', NULL),
(43, 6, 7, 19, 7, 'Q4H', '2023-12-16', '2024-02-23', '2023-12-16 04:18:47', '2023-12-16 04:18:47', NULL),
(44, 15, 6, 19, 5, 'QPM', '2024-01-13', '2024-01-28', '2024-01-13 14:53:29', '2024-01-13 14:53:29', NULL),
(45, 11, 2, 22, 7, 'PC', '2024-04-28', '2024-05-25', '2024-04-28 05:06:04', '2024-04-28 05:06:04', NULL),
(46, 19, 6, 5, 6, 'PRN', '2023-02-10', '2023-02-16', '2023-02-10 15:17:52', '2023-02-10 15:17:52', NULL),
(47, 19, 3, 16, 7, 'QPM', '2024-04-03', '2024-06-01', '2024-04-03 02:09:07', '2024-04-03 02:09:07', NULL),
(48, 19, 2, 16, 5, 'QPM', '2023-08-29', '2023-10-03', '2023-08-29 20:34:42', '2023-08-29 20:34:42', NULL),
(49, 8, 10, 23, 6, 'PC', '2023-03-20', '2023-04-08', '2023-03-20 08:14:42', '2023-03-20 08:14:42', NULL),
(50, 6, 2, 4, 5, 'Q4H', '2024-04-29', '2024-07-19', '2024-04-29 03:29:10', '2024-04-29 03:29:10', NULL),
(51, 17, 3, 17, 2, 'PC', '2023-01-05', '2023-02-01', '2023-01-05 11:02:49', '2023-01-05 11:02:49', NULL),
(52, 1, 2, 20, 7, 'Q8H', '2024-01-28', '2024-03-15', '2024-01-28 17:28:18', '2024-01-28 17:28:18', NULL),
(53, 10, 3, 13, 3, 'QID', '2023-10-16', '2023-11-26', '2023-10-16 22:18:15', '2023-10-16 22:18:15', NULL),
(54, 12, 5, 8, 3, 'QID', '2023-06-28', '2023-09-13', '2023-06-28 08:33:57', '2023-06-28 08:33:57', NULL),
(55, 3, 6, 12, 6, 'QW', '2024-04-07', '2024-06-03', '2024-04-07 06:00:03', '2024-04-07 06:00:03', NULL),
(56, 10, 10, 22, 3, 'BID', '2024-04-30', '2024-07-16', '2024-04-30 16:30:01', '2024-04-30 16:30:01', NULL),
(57, 4, 4, 4, 3, 'QHS', '2024-04-29', '2024-05-28', '2024-04-29 12:53:26', '2024-04-29 12:53:26', NULL),
(58, 16, 9, 20, 6, 'AC', '2023-03-30', '2023-05-23', '2023-03-30 21:43:32', '2023-03-30 21:43:32', NULL),
(59, 18, 1, 12, 6, 'QOD', '2023-01-24', '2023-03-09', '2023-01-24 09:10:12', '2023-01-24 09:10:12', NULL),
(60, 9, 6, 1, 3, 'AC', '2024-01-30', '2024-04-18', '2024-01-30 18:50:38', '2024-01-30 18:50:38', NULL),
(61, 12, 2, 4, 7, 'QWK', '2023-02-21', '2023-04-15', '2023-02-21 19:48:52', '2023-02-21 19:48:52', NULL),
(62, 8, 5, 19, 1, 'Q4H', '2023-03-10', '2023-04-07', '2023-03-10 04:37:31', '2023-03-10 04:37:31', NULL),
(63, 10, 4, 5, 3, 'PC', '2024-02-21', '2024-04-15', '2024-02-21 17:03:07', '2024-02-21 17:03:07', NULL),
(64, 12, 1, 15, 4, 'Q6H', '2024-04-30', '2024-07-12', '2024-04-30 19:03:48', '2024-04-30 19:03:48', NULL),
(65, 12, 2, 15, 3, 'BID', '2024-02-24', '2024-05-20', '2024-02-24 07:57:10', '2024-02-24 07:57:10', NULL),
(66, 13, 4, 14, 3, 'AC', '2023-12-27', '2024-01-12', '2023-12-27 12:16:35', '2023-12-27 12:16:35', NULL),
(67, 15, 4, 24, 7, 'QOD', '2023-02-27', '2023-04-15', '2023-02-27 23:27:02', '2023-02-27 23:27:02', NULL),
(68, 17, 4, 14, 6, 'Q6H', '2024-03-01', '2024-03-11', '2024-03-01 01:16:40', '2024-03-01 01:16:40', NULL),
(69, 3, 4, 6, 1, 'Q8H', '2023-01-05', '2023-01-29', '2023-01-05 02:15:34', '2023-01-05 02:15:34', NULL),
(70, 19, 8, 8, 5, 'QWK', '2023-04-18', '2023-05-24', '2023-04-18 15:03:20', '2023-04-18 15:03:20', NULL),
(71, 19, 1, 4, 6, 'PRN', '2024-01-06', '2024-02-28', '2024-01-06 03:06:08', '2024-01-06 03:06:08', NULL),
(72, 15, 6, 8, 6, 'Q6H', '2023-11-15', '2024-02-07', '2023-11-15 07:50:14', '2023-11-15 07:50:14', NULL),
(73, 11, 4, 14, 5, 'TID', '2023-07-18', '2023-08-11', '2023-07-18 20:52:07', '2023-07-18 20:52:07', NULL),
(74, 18, 8, 8, 3, 'QOD', '2024-04-02', '2024-06-05', '2024-04-02 12:10:05', '2024-04-02 12:10:05', NULL),
(75, 6, 3, 6, 6, 'QWK', '2024-04-21', '2024-05-21', '2024-04-21 18:16:59', '2024-04-21 18:16:59', NULL),
(76, 18, 8, 15, 4, 'Q4H', '2023-03-29', '2023-04-25', '2023-03-29 05:33:38', '2023-03-29 05:33:38', NULL),
(77, 10, 6, 7, 3, 'Q6H', '2023-04-30', '2023-06-28', '2023-04-30 23:55:29', '2023-04-30 23:55:29', NULL),
(78, 20, 9, 25, 2, 'TID', '2023-09-23', '2023-12-04', '2023-09-23 06:01:46', '2023-09-23 06:01:46', NULL),
(79, 18, 8, 23, 4, 'AC', '2023-12-25', '2024-03-10', '2023-12-25 22:41:09', '2023-12-25 22:41:09', NULL),
(80, 17, 4, 18, 3, 'QOD', '2023-03-05', '2023-04-14', '2023-03-05 00:43:18', '2023-03-05 00:43:18', NULL),
(81, 20, 2, 24, 3, 'Q4H', '2023-06-24', '2023-09-09', '2023-06-24 17:36:22', '2023-06-24 17:36:22', NULL),
(82, 20, 4, 23, 1, 'AC', '2023-02-25', '2023-03-03', '2023-02-25 07:32:07', '2023-02-25 07:32:07', NULL),
(83, 9, 6, 8, 6, 'QD', '2024-01-01', '2024-03-23', '2024-01-01 23:43:07', '2024-01-01 23:43:07', NULL),
(84, 2, 3, 21, 5, 'PRN', '2024-03-02', '2024-04-20', '2024-03-02 11:41:53', '2024-03-02 11:41:53', NULL),
(85, 3, 5, 13, 7, 'TIW', '2023-09-12', '2023-11-25', '2023-09-12 17:13:34', '2023-09-12 17:13:34', NULL),
(86, 18, 2, 24, 1, 'QOD', '2023-07-16', '2023-10-05', '2023-07-16 04:53:45', '2023-07-16 04:53:45', NULL),
(87, 9, 5, 23, 5, 'TIW', '2023-03-08', '2023-03-17', '2023-03-08 19:00:01', '2023-03-08 19:00:01', NULL),
(88, 3, 5, 21, 3, 'Q6H', '2023-04-04', '2023-05-03', '2023-04-04 20:44:49', '2023-04-04 20:44:49', NULL),
(89, 7, 4, 10, 7, 'BID', '2023-11-14', '2024-02-05', '2023-11-14 08:56:48', '2023-11-14 08:56:48', NULL),
(90, 16, 10, 6, 2, 'QAM', '2024-02-13', '2024-03-11', '2024-02-13 08:42:31', '2024-02-13 08:42:31', NULL),
(91, 15, 5, 19, 2, 'Q6H', '2024-01-17', '2024-03-30', '2024-01-17 03:31:06', '2024-01-17 03:31:06', NULL),
(92, 2, 6, 7, 6, 'QWK', '2023-05-16', '2023-07-07', '2023-05-16 23:17:18', '2023-05-16 23:17:18', NULL),
(93, 17, 9, 22, 2, 'BID', '2023-07-13', '2023-08-10', '2023-07-13 12:55:38', '2023-07-13 12:55:38', NULL),
(94, 3, 9, 16, 4, 'QOD', '2023-02-25', '2023-05-08', '2023-02-25 06:24:46', '2023-02-25 06:24:46', NULL),
(95, 12, 2, 11, 6, 'Q4H', '2023-09-10', '2023-09-19', '2023-09-10 21:20:18', '2023-09-10 21:20:18', NULL),
(96, 19, 6, 19, 2, 'QID', '2023-09-25', '2023-11-22', '2023-09-25 05:03:31', '2023-09-25 05:03:31', NULL),
(97, 17, 8, 16, 4, 'TIW', '2023-08-17', '2023-10-19', '2023-08-17 22:38:07', '2023-08-17 22:38:07', NULL),
(98, 11, 5, 19, 1, 'QHS', '2023-07-07', '2023-09-02', '2023-07-07 20:59:41', '2023-07-07 20:59:41', NULL),
(99, 2, 6, 10, 2, 'BIW', '2023-12-10', '2023-12-16', '2023-12-10 15:39:14', '2023-12-10 15:39:14', NULL),
(100, 19, 3, 1, 6, 'TID', '2023-06-19', '2023-08-25', '2023-06-19 06:27:50', '2023-06-19 06:27:50', NULL);

--
-- Indexes for dumped tables
--

--
-- Indexes for table `doctor`
--
ALTER TABLE `doctor`
  ADD PRIMARY KEY (`id`);

--
-- Indexes for table `medication`
--
ALTER TABLE `medication`
  ADD PRIMARY KEY (`id`);

--
-- Indexes for table `patient`
--
ALTER TABLE `patient`
  ADD PRIMARY KEY (`id`);

--
-- Indexes for table `patient_medication`
--
ALTER TABLE `patient_medication`
  ADD PRIMARY KEY (`id`),
  ADD KEY `fk_patient_id` (`patient_id`),
  ADD KEY `fk_doctor_id` (`doctor_id`),
  ADD KEY `fk_medication_id` (`medication_id`);

--
-- AUTO_INCREMENT for dumped tables
--

--
-- AUTO_INCREMENT for table `doctor`
--
ALTER TABLE `doctor`
  MODIFY `id` int(11) NOT NULL AUTO_INCREMENT, AUTO_INCREMENT=11;
--
-- AUTO_INCREMENT for table `medication`
--
ALTER TABLE `medication`
  MODIFY `id` int(11) NOT NULL AUTO_INCREMENT, AUTO_INCREMENT=26;
--
-- AUTO_INCREMENT for table `patient`
--
ALTER TABLE `patient`
  MODIFY `id` int(11) NOT NULL AUTO_INCREMENT, AUTO_INCREMENT=21;
--
-- AUTO_INCREMENT for table `patient_medication`
--
ALTER TABLE `patient_medication`
  MODIFY `id` int(11) NOT NULL AUTO_INCREMENT, AUTO_INCREMENT=101;
--
-- Constraints for dumped tables
--

--
-- Constraints for table `patient_medication`
--
ALTER TABLE `patient_medication`
  ADD CONSTRAINT `fk_doctor_id` FOREIGN KEY (`doctor_id`) REFERENCES `doctor` (`id`),
  ADD CONSTRAINT `fk_medication_id` FOREIGN KEY (`medication_id`) REFERENCES `medication` (`id`),
  ADD CONSTRAINT `fk_patient_id` FOREIGN KEY (`patient_id`) REFERENCES `patient` (`id`);


